M_ID,M_name,Element,HP,AT,MAT,DF,MDF,Speed,A_AV,M_AV,P_Immune,M_Immune,P_Half,M_Half,E_Immune,E_Half,Status_Resist,Death_Resist,EXP,Gold,Drop,Drop_Chance,M_extra_name
257,Knight of Sandora,Fire,20,3,3,40,50,40,0,0,0,0,0,0,None,None,255,0,10,3,Healing Potion,100,
256,Commander,Dark,35,4,9,40,40,40,0,0,0,0,0,0,None,None,255,128,70,20,Burn Out,100,
24,Berserk Mouse,Dark,6,3,3,80,120,45,0,0,0,0,0,0,None,None,107,0,3,3,Healing Potion,10,
21,Assassin Cock,Wind,10,5,5,100,120,45,0,0,0,0,0,0,None,None,99,0,5,6,Healing Potion,10,
38,Trent,Earth,16,5,5,160,40,30,0,0,0,0,0,0,None,None,99,0,4,9,Pellet,10,
8,Goblin,Fire,13,5,2,120,120,40,0,0,0,0,0,0,None,None,99,0,4,6,Detonate Rock,10,
134,Hellena Warden,Fire,30,7,7,100,100,50,0,0,0,0,0,0,None,None,99,0,6,9,None,0,
259,Hellena Warden,Fire,30,7,7,130,130,50,0,0,0,0,0,0,None,None,255,0,0,0,Healing Potion,100,
260,Senior Warden,Fire,52,8,12,100,100,50,0,0,0,0,0,0,None,None,255,128,0,0,Healing Potion,100,
261,Fruegel,Earth,225,10,8,130,104,50,0,0,0,0,0,0,None,None,255,144,300,50,Knight Shield,100,
27,Vampire Kiwi,Dark,47,8,11,80,120,70,0,0,0,0,0,0,None,None,99,0,8,9,Healing Potion,8,
45,Mole,Earth,58,11,9,160,80,50,0,0,0,0,0,0,None,None,99,16,11,9,Angel's Prayer,8,
59,Crescent Bee,Wind,33,9,9,100,100,60,20,0,0,0,0,0,None,None,99,0,10,6,Spinning Gale,8,
0,Mantis,Earth,73,13,9,150,75,50,0,0,0,0,0,0,None,None,99,0,12,6,Pellet,8,
46,Screaming Bat,Dark,48,9,17,80,120,70,20,0,0,0,0,0,None,None,99,0,8,6,Healing Potion,8,
104,Slime,Earth,80,11,9,80,60,50,0,0,0,0,0,0,None,None,99,0,11,6,Body Purifier,10,
148,Slime,Earth,80,11,9,80,60,50,0,0,0,0,0,0,None,None,99,0,11,6,Body Purifier,10,
64,Ugly Balloon,Wind,140,11,11,70,200,60,0,0,0,0,0,0,None,None,99,0,10,9,Poison Guard,2,
94,Orc,Dark,96,13,9,120,40,60,0,0,0,0,0,0,None,None,99,0,10,6,Dark Mist,10,
13,Evil Spider,Earth,120,15,11,80,60,60,0,0,0,0,0,0,None,None,99,0,12,12,Angel's Prayer,8,
332,Urobolus,Earth,1218,16,16,80,60,50,0,0,0,0,0,0,None,None,255,144,400,50,Wargod's Amulet,100,
130,Sandora Soldier,Fire,180,14,14,100,100,50,0,0,0,0,0,0,None,None,99,0,25,30,Healing Potion,50,Sandora Soldier(Hoax)
258,Sandora Elite,Dark,1260,20,22,80,120,60,0,0,0,0,0,0,None,None,255,128,200,50,Healing Breeze,100,Sandora Elite I
273,Sandora Elite,Dark,1260,20,22,80,120,60,0,0,0,0,0,0,None,None,255,128,0,0,None,0,Sandora Elite I(Clone)
265,Kongol,Earth,1152,18,18,100,50,60,0,0,0,0,0,0,None,None,255,144,300,50,Power Wrist,100,Kongol I
4,Sea Dragon,Fire,148,14,18,80,120,70,20,0,0,0,0,0,None,None,99,0,14,9,Burn Out,10,
68,Crocodile,Water,144,18,14,160,50,50,0,0,0,0,0,0,None,None,99,0,17,6,Pellet,10,
28,Myconido,Earth,135,11,20,80,180,80,20,0,0,0,0,0,None,None,227,0,11,8,Body Purifier,10,
22,Merman,Water,202,16,18,100,80,60,0,0,0,0,0,0,None,None,107,0,15,12,Spear,20,
131,Sandora Soldier,Fire,230,16,14,100,100,60,0,0,0,0,0,0,None,None,99,0,14,9,Healing Potion,8,
132,Sandora Soldier,Water,288,14,18,80,120,70,0,0,0,0,0,0,None,None,99,0,11,12,Sun Rhapsody,10,
135,Commander,Dark,576,20,14,120,80,70,0,0,0,0,0,0,None,None,99,128,17,9,Attack Ball,100,
74,Magma Fish,Fire,112,16,18,80,120,80,20,0,0,0,0,0,None,None,99,0,10,6,Healing Potion,10,
157,Magma Fish,Fire,108,14,18,80,120,80,20,0,0,0,0,0,None,None,99,0,10,6,Healing Potion,10,
100,Red Hot,Fire,180,16,16,100,100,60,0,0,0,0,0,0,None,None,99,0,14,6,Mind Purifier,8,
146,Red Hot,Fire,180,16,16,100,100,60,0,0,0,0,0,0,None,None,99,0,14,6,Mind Purifier,8,
92,Salamander,Fire,189,20,18,140,60,50,0,0,0,0,0,0,None,None,99,0,17,9,Sun Rhapsody,8,
33,Fire Spirit,Fire,117,14,21,100,160,60,20,20,0,0,0,0,Fire,None,255,0,13,12,Spirit Cloak,10,
150,Fire Spirit,Fire,117,16,21,100,160,60,20,20,0,0,0,0,Fire,None,255,0,13,12,Spirit Cloak,2,
308,Virage(Head),Non-Elemental,1620,26,27,80,120,50,0,0,0,0,0,0,None,None,255,144,600,100,Healing Potion,100,
309,Virage(Body),Non-Elemental,1080,26,14,100,100,50,0,0,0,0,0,0,None,None,255,144,0,0,Healing Potion,100,
310,Virage(Arm),Non-Elemental,216,22,14,100,100,50,0,0,0,0,0,0,None,None,255,144,0,0,Mind Purifier,100,
333,Fire Bird,Fire,2880,26,32,80,80,45,0,0,0,0,0,0,None,None,255,144,800,100,Red-Eye Stone,100,
334,Fire Ball,Fire,30,23,23,80,100,45,0,0,0,0,0,0,None,None,255,144,0,0,Flamberge,0,
90,Mandrake,Water,432,16,23,60,120,60,0,0,0,0,0,0,None,None,99,0,15,9,Sun Rhapsody,8,
35,Run Fast,Thunder,288,20,20,100,80,60,0,0,0,0,0,0,None,None,99,0,16,12,Body Purifier,10,
19,Lizard Man,Earth,180,23,20,160,40,50,0,0,0,0,0,0,None,None,99,0,18,15,Beast Fang,2,
88,Man Eating Bud,Dark,576,21,20,100,100,80,0,0,0,0,0,0,None,None,99,16,20,24,Angel's Prayer,8,
115,Tricky Bat,Wind,144,13,25,80,120,70,20,0,0,0,0,0,None,None,99,0,12,6,Mind Purifier,8,
275,Feyrbrand,Wind,2160,34,23,100,80,50,0,0,0,0,0,0,None,None,255,144,0,0,Down Burst,100,
287,Greham,Wind,1575,25,28,120,100,60,0,0,0,0,0,0,None,None,255,144,1200,100,Plate Mail,100,
66,Crystal Golem,Light,720,28,27,120,160,80,0,0,0,0,0,0,None,None,255,144,22,27,Sapphire Pin,2,
107,Plague Rat,Earth,288,20,26,60,120,80,10,0,0,0,0,0,None,None,227,0,14,6,Body Purifier,8,
15,Strong Man,Earth,360,30,21,120,80,60,0,0,0,0,0,0,None,None,99,0,18,9,Fake Power Wrist,2,
58,Gargoyle,Dark,450,26,26,80,160,70,0,0,0,0,0,0,None,None,99,0,17,15,Dark Mist,8,
55,Living Statue,Earth,230,23,21,160,80,50,0,0,0,0,0,0,None,None,255,0,20,12,Detonate Rock,8,
325,Drake the Bandit,Wind,5400,36,31,80,80,70,0,0,0,0,0,0,None,None,255,144,1500,100,Bandit's Ring,100,
326,Wire,Non-Elemental,360,13,13,120,80,50,0,0,0,0,0,0,None,None,255,144,0,0,None,0,
327,Bomb,Non-Elemental,120,45,45,150,150,70,0,0,0,0,0,0,None,None,255,144,0,0,Detonate Arrow,0,
288,Shirley,Light,640,15,15,80,120,50,0,0,0,0,0,0,None,None,255,144,0,0,Silver Stone,100,
289,Shana,Light,120,15,15,80,120,55,0,0,0,0,0,0,None,None,255,144,0,0,None,0,
290,Albert,Wind,120,17,15,100,100,45,0,0,0,0,0,0,None,None,255,144,0,100,None,0,
302,Gorgaga,Non-Elemental,160,16,16,100,80,50,0,0,0,0,0,0,None,None,255,128,0,0,None,0,
303,Serfius,Fire,200,20,20,100,100,50,0,0,0,0,0,0,None,None,255,128,0,0,None,0,
304,Danton,Earth,240,23,8,120,80,45,0,0,0,0,0,0,None,None,255,144,0,0,None,0,
305,Atlow,Dark,266,16,16,80,100,55,0,0,0,0,0,0,None,None,255,128,0,0,None,0,
269,Lloyd,Non-Elemental,399,20,20,100,100,50,0,0,0,0,0,0,None,None,255,128,0,0,None,0,
129,Hellena Warden,Fire,540,32,30,100,100,50,0,0,0,0,0,0,None,None,99,0,20,15,Morning Star,2,
133,Senior Warden,Fire,675,38,30,130,80,60,0,0,0,0,0,0,None,None,99,0,24,21,Spear,2,
329,Jiango,Earth,5760,41,32,160,80,50,0,0,0,0,0,0,None,None,255,144,2000,10,Sachet,100,
105,Fowl Fighter,Fire,450,30,36,80,120,60,10,0,0,0,0,0,None,None,99,0,16,9,Mind Purifier,8,
262,Fruegel,Earth,3600,48,36,150,120,50,0,0,0,0,0,0,None,None,255,144,2000,200,Gravity Grabber,100,
263,Rodriguez,Wind,1800,38,38,100,100,70,10,0,0,0,0,0,None,None,255,16,0,0,None,0,
264,Guftas,Dark,500,23,17,120,60,50,0,0,0,0,0,0,None,None,255,16,0,0,None,0,
17,Knight of Sandora,Fire,675,32,52,80,160,60,5,0,0,0,0,0,None,None,99,0,20,9,Burn Out,8,
103,Hell Hound,Fire,540,38,38,150,150,50,0,0,0,0,0,0,None,None,99,0,24,15,Healing Potion,20,
102,Sandora Elite,Dark,1710,56,50,100,120,80,10,0,0,0,0,0,None,None,255,128,500,500,Gushing Magma,8,
266,Kongol,Earth,4500,64,42,140,80,50,0,0,0,0,0,0,None,None,255,144,2000,200,Wargod Calling,100,
267,Doel,Thunder,2700,57,57,100,100,55,0,0,0,0,0,0,None,None,255,128,3000,200,None,0,
268,Dragoon Doel,Thunder,8100,58,61,120,100,55,0,0,0,0,0,0,None,None,255,128,0,0,None,0,
69,Frilled Lizard,Earth,672,52,61,100,120,80,5,0,0,0,0,0,None,None,99,0,36,21,Healing Potion,8,
1,Scissorhands,Earth,420,68,52,200,50,60,0,0,0,0,0,0,None,None,99,0,40,18,Meteor Fall,8,
99,Arrow Shooter,Earth,882,74,74,100,100,60,0,0,0,0,0,0,None,None,99,0,32,24,Bemusing Arrow,2,
108,Stinger,Wind,336,56,61,70,120,70,20,0,0,0,0,0,None,None,227,0,38,12,Body Purifier,8,
26,Earth Shaker,Earth,1050,74,61,140,60,50,0,0,0,0,0,0,None,None,99,16,48,15,Stunning Hammer,8,
274,Crafty Thief,Dark,1680,63,61,100,80,70,5,0,0,0,0,0,None,None,255,128,0,0,Pellet,100,
299,Mappi,Dark,3360,75,68,110,100,70,0,0,0,0,0,0,None,None,255,128,2000,150,Talisman,100,
52,Erupting Chick,Wind,630,46,51,80,30,80,20,0,0,0,0,0,None,None,99,0,32,15,Mind Purifier,8,
29,Roc,Wind,1092,62,62,100,30,60,0,0,0,0,0,0,None,None,99,16,44,24,Down Burst,8,
16,Dragonfly,Thunder,1554,74,71,120,150,80,0,0,0,0,0,0,None,None,99,0,48,21,Angel's Prayer,8,
14,Spider Urchin,Thunder,525,69,62,180,100,60,0,0,0,0,0,0,None,None,99,0,40,18,Poison Needle,8,
106,Killer Bird,Dark,735,53,62,80,120,80,0,0,0,0,0,0,None,None,99,0,36,12,Panic Bell,8,
311,Virage(Head),Non-Elemental,5600,75,75,175,175,50,0,0,0,0,0,0,None,None,255,144,4500,200,Moon Serenade,100,
312,Virage(Body),Non-Elemental,1050,92,75,175,175,50,0,0,0,0,0,0,None,None,255,144,0,0,None,0,
313,Virage(Arm),Non-Elemental,2100,92,75,175,175,50,0,0,0,0,0,0,None,None,255,144,0,0,Silver Vest,0,
83,Crafty Thief,Dark,1050,68,61,100,80,80,5,0,0,0,0,0,None,None,99,0,50,18,Pellet,8,
82,Gangster,Earth,1470,83,74,120,100,70,0,0,0,0,0,0,None,None,99,0,60,12,Bandit's Ring,2,
79,Berserker,Dark,2100,72,74,30,50,60,0,0,0,0,0,0,None,None,111,0,55,15,Energy Girdle,2,
109,Piggy,Earth,840,57,70,140,60,60,0,0,0,0,0,0,None,None,99,0,40,21,Sachet,2,
300,Mappi,Dark,3600,70,61,192,175,65,0,0,0,0,0,0,None,None,255,128,0,0,Diamond Claw,100,
301,Gehrich,Earth,10500,80,61,120,100,50,0,0,0,0,0,0,None,None,255,128,5000,200,Spear,100,
293,Lenus,Water,18375,77,108,100,160,50,0,0,0,0,0,0,None,None,255,144,6000,200,None,100,
18,Death,Dark,1050,95,80,120,60,50,0,0,0,0,0,0,None,None,127,144,66,30,Total Vanishing,8,
86,Will-O'-Wisp,Fire,840,69,80,80,180,80,20,0,0,0,0,0,None,None,99,0,48,12,None,0,
154,Will-O'-Wisp,Fire,840,69,80,80,180,80,20,0,0,0,0,0,None,None,99,0,48,12,None,0,
85,Skeleton,Dark,1050,80,80,100,100,60,0,0,0,0,0,0,None,None,99,16,60,21,Broad Sword,2,
70,Magician Bogy,Dark,4200,80,97,80,160,70,0,0,0,0,0,0,None,None,99,16,666,333,Magical Hat,40,
340,Ghost Commander,Dark,8925,111,111,100,100,60,0,0,0,0,0,0,None,None,255,144,6000,200,Flash Hall,100,
341,Ghost Knight,Dark,1575,92,92,80,80,60,0,0,0,0,0,0,None,None,255,144,0,0,Axe,0,
23,Glare,Water,1680,66,94,80,120,70,10,0,0,0,0,0,None,None,99,0,70,18,Mind Purifier,8,
76,Screw Shell,Water,840,80,94,200,50,60,0,0,0,0,0,0,None,None,99,0,63,24,Healing Potion,8,
91,Mermaid,Water,2100,88,116,80,140,60,0,0,0,0,0,0,None,None,99,0,77,33,Spirit Potion,8,
110,Sea Piranha,Water,1470,70,88,60,100,80,20,0,0,0,0,0,None,None,99,0,56,15,Spear Frost,8,
12,Flabby Troll,Earth,2940,104,66,60,60,50,0,0,0,0,0,0,None,None,99,16,84,30,Knight Shield,2,
279,Regole,Water,9000,118,74,210,140,45,0,0,0,0,0,0,None,None,255,144,7000,250,Frozen Jet,100,
294,Lenus,Water,9000,88,120,175,315,55,0,0,0,0,0,0,None,None,255,128,0,0,Saint Armor,100,
53,Flying Rat,Wind,1482,76,108,80,120,60,20,0,0,0,0,0,None,None,99,0,64,24,Angel's Prayer,8,
73,Forest Runner,Wind,2052,90,88,80,120,80,10,0,0,0,0,0,None,None,99,0,88,30,Recovery Ball,8,
51,Wounded Bear,Earth,3192,112,88,140,40,60,0,0,0,0,0,0,None,None,107,16,96,60,Attack Ball,8,
95,Dark Elf,Dark,2565,84,88,70,180,70,0,0,0,0,0,0,None,None,99,0,80,36,Depetrifier,8,
117,Moss Dresser,Earth,1710,96,88,120,80,50,0,0,0,0,0,0,None,None,99,0,72,18,Healing Fog,8,
339,Kamuy's Tree,None,0,0,0,50,50,50,0,0,0,0,0,0,None,None,255,144,0,0,None,0,
343,Kamuy,Non-Elemental,28000,162,162,100,150,70,0,0,0,0,0,0,None,None,255,144,8000,23,Darkness Stone,100,
44,Puck,Earth,1733,94,94,100,120,60,0,0,0,0,0,0,None,None,99,0,90,36,Dancer's Ring,2,
43,Fairy,Light,1824,86,114,80,150,70,10,10,0,0,0,0,None,None,99,0,81,24,Sun Rhapsody,8,
30,Gnome,Earth,1459,106,94,160,70,50,0,0,0,0,0,0,Earth,None,255,0,108,42,Healing Potion,8,
2,Spinninghead,Non-Elemental,2189,80,114,80,160,60,0,0,0,0,0,0,None,None,255,128,99,30,Mind Purifier,8,
111,Toad Stool,Earth,730,80,114,80,120,80,20,0,0,0,0,0,None,None,227,0,72,18,Body Purifier,8,
316,S Virage(Head),Non-Elemental,62400,140,220,100,100,50,0,0,0,0,0,0,None,None,255,144,25700,200,Healing Rain,100,
317,S Virage(Body),Non-Elemental,62400,140,220,100,100,50,0,0,0,0,0,0,None,None,255,144,0,0,None,0,
318,S Virage(Arm),Non-Elemental,31200,160,220,100,100,50,0,0,0,0,0,0,None,None,255,144,0,0,None,0,
335,Grand Jewel,Earth,27000,82,116,100,160,70,0,0,0,0,0,0,None,None,255,144,9000,300,Spectral Flash,100,
96,Baby Dragon,Thunder,1440,100,100,140,80,60,0,0,0,0,0,0,None,None,99,0,100,27,Mind Purifier,8,
6,Beastie Dragon,Wind,2016,132,84,130,90,50,0,0,0,0,0,0,None,None,99,16,110,33,Total Vanishing,8,
112,Mega Sea Dragon,Fire,1056,84,130,120,120,70,10,0,0,0,0,0,None,None,99,0,80,21,Gushing Magma,8,
113,Deadly Spider,Earth,1968,120,84,100,60,50,0,0,0,0,0,0,None,None,227,0,90,39,Body Purifier,8,
37,Wyvern,Wind,3264,144,122,160,100,80,20,0,0,0,0,0,None,None,99,0,120,45,Down Burst,8,
283,Divine Dragon,Non-Elemental,15000,126,111,320,120,60,0,0,0,0,0,0,None,None,255,144,10000,300,Dragon Shield,100,
284,Divine Cannon,Non-Elemental,65535,107,126,65535,65535,50,0,0,0,0,0,0,None,None,255,144,0,0,Gravity Grabber,100,
285,Divine Ball,Non-Elemental,65535,107,111,65535,65535,50,0,0,0,0,0,0,None,None,255,144,0,0,Healing Breeze,100,
32,Freeze Knight,Water,2880,126,153,120,160,50,0,0,0,0,0,0,Water,None,255,16,110,27,Fatal Blizzard,8,
48,Mammoth,Earth,7680,169,126,80,60,50,0,0,0,0,0,0,None,None,99,144,132,45,Stunning Hammer,8,
114,Icicle Ball,Water,1280,153,108,160,100,60,0,0,0,0,0,0,None,None,99,0,121,21,Spirit Potion,8,
5,Land Skater,Water,2496,115,126,100,120,60,10,0,0,0,0,0,None,None,99,0,88,33,Spear Frost,8,
67,Rocky Turtle,Earth,4480,119,126,200,80,50,0,0,0,0,0,0,None,None,99,16,99,39,Guard Badge,2,
346,Windigo,Water,40000,180,180,200,240,50,0,0,0,0,0,0,None,None,255,144,11000,250,Brass Knuckle,100,
347,Snow Cannon,Water,1600,158,158,100,80,50,0,0,0,0,0,0,None,None,255,144,0,0,None,0,
348,Heart,Water,65535,143,143,65535,65535,50,0,0,0,0,0,0,None,None,255,147,0,0,Axe,0,
270,Lloyd,Non-Elemental,48000,160,130,100,150,65,0,0,0,0,0,0,None,None,255,144,12000,300,None,0,
277,Lloyd Dome,None,0,0,0,50,50,50,0,0,0,0,0,0,None,None,255,144,0,0,None,0,
49,Metal Fang,Thunder,19680,174,247,80,120,70,5,0,0,0,0,0,None,None,99,0,2025,210,Beast Fang,2,
25,Dragon Soldier,Earth,14640,287,202,160,100,50,0,0,0,0,0,0,None,None,99,0,2700,300,Knight Shield,2,
11,Basilisk,Earth,19680,202,202,100,100,50,0,0,0,0,0,0,None,None,99,144,2250,255,Depetrifier,8,
56,Madman,Earth,31200,202,174,100,80,60,0,0,0,0,0,0,None,None,99,0,2475,120,Body Purifier,8,
144,Madman,Earth,31200,202,174,100,80,60,0,0,0,0,0,0,None,None,99,0,2475,120,Body Purifier,8,
345,Faust,Non-Elemental,64000,315,315,180,480,50,0,20,0,0,0,0,None,None,255,144,0,0,None,0,
342,Mazo,Non-Elemental,800,101,101,50,200,50,0,0,0,0,0,0,None,None,255,144,0,0,None,0,
344,Faust,Non-Elemental,64000,315,315,180,480,50,0,20,0,0,0,0,None,None,255,144,20000,10000,Phantom Shield,100,
57,Wildman,Thunder,5760,146,130,100,60,50,0,0,0,0,0,0,None,None,99,0,120,36,Giganto Ring,2,
31,Bowling,Non-Elemental,3200,158,112,160,80,60,0,0,0,0,0,0,None,None,255,0,132,42,Attack Ball,8,
50,Windy Weasel,Wind,2560,112,158,80,100,70,20,0,0,0,0,0,None,None,99,0,96,21,Rave Twister,8,
20,White Ape,Earth,4000,182,130,120,80,50,0,0,0,0,0,0,None,None,99,0,144,51,Healing Potion,8,
116,Mr. Bone,Dark,3600,130,130,120,120,60,0,0,0,0,0,0,None,None,99,0,108,30,Bastard Sword,2,
349,Polter Helm,Dark,19200,160,160,100,160,50,0,0,0,0,0,0,None,None,255,144,6000,200,None,0,
350,Polter Armor,Dark,32000,160,174,160,140,50,0,0,0,0,0,0,None,None,255,144,0,23,Smoke Ball,100,
351,Polter Sword,Dark,25600,302,160,120,120,100,0,0,0,0,0,0,None,None,255,144,0,0,Sould Eater,100,
39,Spring Hitter,Non-Elemental,3200,144,135,150,80,70,0,0,0,0,0,0,None,None,255,0,117,21,Healing Fog,8,
47,Succubus,Dark,3520,135,135,100,150,60,0,0,0,0,0,0,None,None,99,0,130,42,Platinum Collar,2,
65,Maximum Volt,Thunder,4480,191,166,160,60,60,0,0,0,0,0,0,Thunder,None,255,0,156,51,Healing Breeze,8,
63,Witch,Light,2880,115,191,80,200,60,0,5,0,0,0,0,None,None,99,0,104,36,Angel's Prayer,8,
41,Terminator,Non-Elemental,3456,160,115,120,80,80,0,0,0,0,0,0,None,None,255,0,143,30,Total Vanishing,8,
295,Damia,Water,45000,380,380,250,350,60,0,0,0,0,0,0,None,None,255,128,6000,300,Blue Sea Stone,100,
296,Syuveil,Wind,50000,440,360,350,320,50,10,0,0,0,0,0,None,None,255,128,6000,300,Jade Stone,100,
297,Belzac,Earth,40000,450,370,440,320,50,0,0,0,0,0,0,None,None,255,128,6000,300,Golden Stone,100,
298,Kanzas,Thunder,60000,400,370,270,300,70,10,0,0,0,0,0,None,None,255,128,6000,300,Violet Stone,100,
89,Cactus,Earth,2560,151,151,150,150,60,0,0,0,0,0,0,None,None,99,0,126,36,Recovery Ball,15,
3,Sandworm,Earth,11520,180,142,80,80,50,0,0,0,0,0,0,None,None,99,16,168,51,Spirit Potion,8,
61,Spiky Beetle,Earth,3840,158,142,160,120,60,0,0,0,0,0,0,None,None,99,0,140,42,Attack Ball,8,
36,Canbria Dayfly,Wind,4160,130,171,100,140,70,10,0,0,0,0,0,None,None,227,0,112,30,Body Purifier,8,
119,Scorpion,Earth,2240,148,122,220,100,60,0,0,0,0,0,0,None,None,99,0,154,21,Poison Needle,8,
75,Scud Shark,Water,3200,156,156,130,120,60,0,0,0,0,0,0,None,None,99,16,150,39,Body Purifier,8,
60,Jelly,Water,5120,144,190,80,250,70,0,0,0,0,0,0,None,None,99,0,120,24,Healing Fog,10,
72,Stern Fish,Water,6848,190,156,160,100,80,0,0,0,0,0,0,None,None,99,16,165,54,Frozen Jet,8,
9,Minotaur,Earth,7680,216,156,160,100,50,0,0,0,0,0,0,None,None,107,16,180,48,Heavy Mace,2,
121,Aqua King,Water,5120,161,156,120,160,70,0,0,0,0,0,0,None,None,99,0,135,30,Angel's Prayer,8,
365,Last Kraken,Water,40000,235,192,280,400,50,0,0,0,0,0,0,None,None,255,144,12000,300,Pretty Hammer,100,
366,Cleone,Water,4080,156,170,60,160,60,0,0,0,0,0,0,None,None,255,144,0,0,None,0,
80,Professor,Wind,6392,139,199,100,180,70,10,0,0,0,0,0,None,None,99,0,176,54,Sage's Cloak,2,
40,Guillotine,Dark,4968,156,199,150,120,60,0,0,0,0,0,0,None,None,255,0,160,39,Psyche Bomb X,8,
97,Harpy,Wind,4800,182,170,120,160,60,10,0,0,0,0,0,None,None,99,0,192,48,Panic Bell,8,
122,Sky Chaser,Wind,5440,161,161,100,100,60,20,0,0,0,0,0,None,None,99,16,128,30,Body Purifier,8,
118,Death Purger,Dark,4256,199,139,120,100,50,10,0,0,0,0,0,None,None,127,128,144,24,Total Vanishing,8,
360,Vector,Dark,20000,196,147,100,100,50,0,0,0,0,0,0,None,None,255,144,12000,300,None,0,
361,Selebus,Dark,15000,156,209,120,180,60,10,0,0,0,0,0,None,None,255,144,0,0,None,0,
362,Kubila,Dark,17500,176,165,140,140,55,0,0,0,0,0,0,None,None,255,144,0,0,Axe,0,
84,Undead,Dark,4544,188,180,100,60,70,0,0,0,0,0,0,None,None,127,0,153,39,Mind Purifier,8,
78,Loner Knight,Dark,5760,208,180,140,140,60,0,0,0,0,0,0,None,None,255,0,187,48,Sould Eater,2,
10,Hyper Skeleton,Dark,7680,200,180,180,80,60,0,0,0,0,0,0,None,None,255,144,204,54,Spear of Terror,2,
101,Specter,Dark,2128,168,225,100,250,75,50,0,0,0,0,0,None,None,99,0,170,30,Midnight Terror,8,
152,Specter,Dark,2128,180,225,100,250,75,50,0,0,0,0,0,None,None,99,0,170,30,Midnight Terror,8,
125,Human Hunter,Non-Elemental,2840,225,180,160,100,70,0,0,0,0,0,0,None,None,255,0,136,24,Recovery Ball,8,
354,Dragon Spirit,Wind,8000,214,170,100,80,60,0,0,0,0,0,0,None,None,255,144,4000,200,Down Burst,100,
385,Dragon Spirit Dummy,Wind,64000,196,156,100,80,60,0,0,0,0,0,0,None,None,255,144,0,0,None,0,
353,Dragon Spirit,Water,12000,235,170,80,120,60,0,5,0,0,0,0,None,None,255,144,6000,300,Frozen Jet,100,
384,Dragon Spirit Dummy,Water,48000,98,71,160,240,60,0,0,0,0,0,0,None,None,255,144,0,0,None,0,
352,Dragon Spirit,Non-Elemental,16000,235,255,160,100,60,0,0,0,0,0,0,None,None,255,144,8000,400,Flash Hall,100,
383,Dragon Spirit Dummy,Non-Elemental,65535,107,116,160,100,60,0,0,0,0,0,0,None,None,255,144,0,0,None,0,
363,Zackwell,Dark,64000,269,189,140,170,60,0,0,0,0,0,0,None,None,255,144,0,0,Healing Rain,100,
364,Lavitz's Spirit,Wind,5000,88,88,120,80,50,0,0,0,0,0,0,None,None,255,144,12000,300,Halberd,100,
77,Potbelly,Earth,4480,190,228,120,100,60,0,0,0,0,0,0,None,None,99,0,144,24,Psyche Bomb X,8,
62,Slug,Earth,9600,222,200,100,100,60,0,0,0,0,0,0,None,None,99,0,180,33,Mind Purifier,10,
98,Cute Cat,Thunder,5120,178,228,140,180,70,5,5,0,0,0,0,None,None,99,0,162,51,Dancer's Boots,2,
7,Manticore,Dark,7680,200,228,150,160,50,0,0,0,0,0,0,None,None,99,16,216,60,Depetrifier,8,
126,Mountain Ape,Earth,8000,238,160,120,60,50,0,0,0,0,0,0,None,None,99,0,198,42,Angel's Prayer,10,
368,Catepillar,Non-Elemental,48000,286,239,120,120,70,0,0,0,0,0,0,None,None,255,144,13000,300,Healing Rain,100,
369,Pupa,Non-Elemental,20000,239,239,160,160,60,0,0,0,0,0,0,None,None,255,144,0,0,Moon Serenade,100,
370,Imago,Non-Elemental,48000,260,348,240,320,70,0,0,0,0,0,0,None,None,255,144,0,0,Sun Rhapsody,100,
93,Unicorn,Light,11520,205,292,140,160,60,0,0,0,0,0,0,None,None,99,0,380,51,Healing Rain,2,
34,Mad Skull,Thunder,7191,289,251,250,100,65,0,0,0,0,0,0,None,None,255,128,400,51,Healing Breeze,8,
128,Swift Dragon,Fire,7992,178,205,120,120,80,0,0,0,0,0,0,None,None,99,0,228,24,Burning Wave,8,
120,Trap Plant,Water,15120,216,205,100,180,60,0,0,0,0,0,0,None,None,99,16,304,42,Frozen Jet,8,
371,Death Rose,Non-Elemental,2400,44,44,80,140,50,0,0,0,0,0,0,None,None,255,144,6000,0,None,0,
373,Claire,Thunder,3200,76,76,100,100,55,0,0,0,0,0,0,None,None,255,144,6000,0,None,0,
374,Death Claire,Thunder,3200,76,76,100,100,55,0,0,0,0,0,0,None,None,255,144,0,0,None,0,
81,Psyche Druid,Light,18000,143,292,100,160,60,0,5,0,0,0,0,None,None,255,128,638,84,Spectral Flash,8,
71,Triceratops,Earth,28800,362,143,160,100,80,0,0,0,0,0,0,None,None,99,144,2000,120,Gravity Grabber,8,
127,Roulette Face,Dark,21600,192,251,120,200,60,0,0,0,0,0,0,None,None,255,128,360,42,Flash Hall,8,
123,Air Combat,Wind,9720,251,205,160,120,50,5,0,0,0,0,0,None,None,99,0,456,33,Down Burst,8,
375,Indora,Earth,2696,93,93,160,60,30,0,0,0,0,0,0,None,None,255,144,6000,0,Indora's Axe,100,
378,Michael,Dark,9600,109,109,120,160,55,0,0,1,1,0,0,None,None,255,156,12000,0,None,0,
380,Michael(Core),Dark,1280,109,109,100,100,50,0,0,0,0,0,0,None,None,255,144,0,0,None,0,
376,Shadow Blade,Thunder,1000,70,76,120,120,45,5,0,0,0,0,0,None,None,255,144,0,0,None,0,
377,Light Sword,Thunder,1000,70,76,120,120,45,5,0,0,0,0,0,None,None,255,144,0,0,None,0,
381,Dark Doel,Thunder,1500,60,70,120,120,50,0,0,0,0,0,0,None,None,255,144,6000,0,None,0,
382,Archangel,Light,3000,53,76,80,160,50,5,5,0,0,0,0,None,None,255,144,6000,0,None,0,
320,Super Virage(Head),Non-Elemental,46667,350,240,540,540,50,0,0,0,0,0,0,None,None,255,144,15000,300,Detonate Arrow,100,
321,Super Virage(Arm),Non-Elemental,42000,286,240,200,180,60,0,0,0,0,0,0,None,None,255,144,0,0,None,0,
322,Super Virage(Body),Non-Elemental,52500,286,240,1040,800,40,0,0,0,0,0,0,None,None,255,144,0,10,None,0,
386,Zieg Dummy,None,0,0,0,50,50,50,0,0,0,0,0,0,None,None,255,128,0,0,None,0,
387,Zieg Fled,Fire,54000,440,340,720,840,70,0,0,0,0,0,0,None,None,255,144,12000,400,None,0,
355,Melbu Frahma,None,0,0,0,0,0,50,0,0,0,0,0,0,None,None,255,128,0,0,Axe,0,
356,Melbu Frahma,None,0,0,0,0,0,50,0,0,0,0,0,0,None,None,255,128,0,0,None,0,
357,Melbu Frahma,None,0,0,0,0,0,50,0,0,0,0,0,0,None,None,255,128,0,23,None,0,
87,Cursed Jar,Non-Elemental,4,0,0,100,100,200,0,0,0,1,0,0,None,None,255,134,300,0,Flash Hall,100,
124,Treasure Jar,Non-Elemental,5,0,0,100,100,200,0,0,1,0,0,0,None,None,255,137,0,0,Ruby Ring,100,
139,Lucky Jar,Non-Elemental,6,0,0,100,100,200,0,0,1,1,0,0,None,None,127,140,1000,300,Moon Serenade,100,
42,00PARTS,Non-Elemental,4,0,0,100,100,150,50,50,0,0,0,0,None,None,255,131,0,600,Spirit Potion,100,
136,Blue Bird,Water,5,0,0,100,100,120,50,0,0,1,0,0,None,None,255,134,1000,0,None,0,
137,Red Bird,Fire,5,0,0,100,100,120,0,50,1,0,0,0,None,None,255,137,0,1000,Phoenix Plume,100,
138,Yellow Bird,Earth,4,0,0,100,100,120,50,20,0,0,0,0,None,None,255,131,0,300,Elude Cloak,10,
54,Rainbow Bird,Non-Elemental,4,0,0,100,100,120,0,0,1,1,0,0,None,None,251,140,3000,0,Rainbow Dress,10,
254,Master Tasman,Fire,100,2,2,40,50,50,0,0,0,0,0,0,None,None,255,192,0,0,None,0,
253,Merchant,Water,100,2,2,40,40,50,0,0,0,0,0,0,None,None,255,192,0,0,None,0,
255,Rose,Dark,100,2,2,40,40,50,0,0,0,0,0,0,None,None,255,192,0,0,None,0,