M-ID	M-name	Element	HP	AT	MAT	DF	MDF	Speed	A-AV	M-AV	P-Immune	M-Immune	P-Half	M-Half	E-Immune	E-Half	Status-Resist	Death-Resist	EXP	Gold	Drop	Drop-Chance	M-extra-name
0	Mantis	Earth	73	13	9	150	75	50	0	0	0	0	0	0	None	None	99	0	12	6	Pellet	8	Mantis
1	Scissorhands	Earth	420	68	52	200	50	60	0	0	0	0	0	0	None	None	99	0	40	18	Meteor Fall	8	Scissorhands
2	Spinninghead	Non-Elemental	2189	80	114	80	160	60	0	0	0	0	0	0	None	None	255	128	99	30	Mind Purifier	8	Spinninghead
3	Sandworm	Earth	11520	180	142	80	80	50	0	0	0	0	0	0	None	None	99	16	168	51	Spirit Potion	8	Sandworm
4	Sea Dragon	Fire	148	14	18	80	120	70	20	0	0	0	0	0	None	None	99	0	14	9	Burn Out	10	Sea Dragon
5	Land Skater	Water	2496	115	126	100	120	60	10	0	0	0	0	0	None	None	99	0	88	33	Spear Frost	8	Land Skater
6	Beastie Dragon	Wind	2016	132	84	130	90	50	0	0	0	0	0	0	None	None	99	16	110	33	Total Vanishing	8	Beastie Dragon
7	Manticore	Dark	7680	200	228	150	160	50	0	0	0	0	0	0	None	None	99	16	216	60	Depetrifier	8	Manticore
8	Goblin	Fire	13	5	2	120	120	40	0	0	0	0	0	0	None	None	99	0	4	6	Detonate Rock	10	Goblin
9	Minotaur	Earth	7680	216	156	160	100	50	0	0	0	0	0	0	None	None	107	16	180	48	Heavy Mace	2	Minotaur
10	Hyper Skeleton	Dark	7680	200	180	180	80	60	0	0	0	0	0	0	None	None	255	144	204	54	Spear of Terror	2	Hyper Skeleton
11	Basilisk	Earth	19680	202	202	100	100	50	0	0	0	0	0	0	None	None	99	144	150	51	Depetrifier	8	Basilisk
12	Flabby Troll	Earth	2940	104	66	60	60	50	0	0	0	0	0	0	None	None	99	16	84	30	Knight Shield	2	Flabby Troll
13	Evil Spider	Earth	120	15	11	80	60	60	0	0	0	0	0	0	None	None	99	0	12	12	Angel's Prayer	8	Evil Spider
14	Spider Urchin	Thunder	525	69	62	180	100	60	0	0	0	0	0	0	None	None	99	0	40	18	Poison Needle	8	Spider Urchin
15	Strong Man	Earth	360	30	21	120	80	60	0	0	0	0	0	0	None	None	99	0	18	9	Fake Power Wrist	2	Strong Man
16	Dragonfly	Thunder	1554	74	71	120	150	80	0	0	0	0	0	0	None	None	99	0	48	21	Angel's Prayer	8	Dragonfly
17	Hell Hound	Fire	675	32	52	80	160	60	5	0	0	0	0	0	None	None	99	0	20	9	Burn Out	8	Hell Hound
18	Death	Dark	1050	95	80	120	60	50	0	0	0	0	0	0	None	None	127	144	66	30	Total Vanishing	8	Death
19	Lizard Man	Earth	180	23	20	160	40	50	0	0	0	0	0	0	None	None	99	0	18	15	Beast Fang	2	Lizard Man
20	White Ape	Earth	4000	182	130	120	80	50	0	0	0	0	0	0	None	None	99	0	144	51	Healing Potion	8	White Ape
21	Assassin Cock	Wind	10	5	5	100	120	45	0	0	0	0	0	0	None	None	99	0	5	6	Healing Potion	10	Assassin Cock
22	Merman	Water	202	16	18	100	80	60	0	0	0	0	0	0	None	None	107	0	15	12	Spear	20	Merman
23	Glare	Water	1680	66	94	80	120	70	10	0	0	0	0	0	None	None	99	0	70	18	Mind Purifier	8	Glare
24	Berserk Mouse	Dark	6	3	3	80	120	45	0	0	0	0	0	0	None	None	107	0	3	3	Healing Potion	10	Berserk Mouse
25	Dragon Soldier	Earth	14640	287	202	160	100	50	0	0	0	0	0	0	None	None	99	0	180	60	Knight Shield	2	Dragon Soldier
26	Earth Shaker	Earth	1050	74	61	140	60	50	0	0	0	0	0	0	None	None	99	16	48	15	Stunning Hammer	8	Earth Shaker
27	Vampire Kiwi	Dark	47	8	11	80	120	70	0	0	0	0	0	0	None	None	99	0	8	9	Healing Potion	8	Vampire Kiwi
28	Myconido	Earth	135	11	20	80	180	80	20	0	0	0	0	0	None	None	227	0	11	8	Body Purifier	10	Myconido
29	Roc	Wind	1092	62	62	100	30	60	0	0	0	0	0	0	None	None	99	16	44	24	Down Burst	8	Roc
30	Gnome	Earth	1459	106	94	160	70	50	0	0	0	0	0	0	Earth	None	255	0	108	42	Healing Potion	8	Gnome
31	Bowling	Non-Elemental	3200	158	112	160	80	60	0	0	0	0	0	0	None	None	255	0	132	42	Attack Ball	8	Bowling
32	Freeze Knight	Water	2880	126	153	120	160	50	0	0	0	0	0	0	Water	None	255	16	110	27	Fatal Blizzard	8	Freeze Knight
33	Fire Spirit	Fire	117	14	21	100	160	60	20	20	0	0	0	0	Fire	None	255	0	13	12	Spirit Cloak	10	Fire Spirit I
34	Mad Skull	Thunder	7191	289	251	250	100	65	0	0	0	0	0	0	None	None	255	128	400	51	Flash Hall	8	Mad Skull
35	Run Fast	Thunder	288	20	20	100	80	60	0	0	0	0	0	0	None	None	99	0	16	12	Body Purifier	10	Run Fast
36	Canbria Dayfly	Wind	4160	130	171	100	140	70	10	0	0	0	0	0	None	None	227	0	112	30	Body Purifier	8	Canbria Dayfly
37	Wyvern	Wind	3264	144	122	160	100	80	20	0	0	0	0	0	None	None	99	0	120	45	Down Burst	8	Wyvern
38	Trent	Earth	16	5	5	160	40	30	0	0	0	0	0	0	None	None	99	0	4	9	Pellet	10	Trent
39	Spring Hitter	Non-Elemental	3200	144	135	150	80	70	0	0	0	0	0	0	None	None	255	0	117	21	Healing Fog	8	Spring Hitter
40	Guillotine	Dark	4968	156	199	150	120	60	0	0	0	0	0	0	None	None	255	0	160	39	Healing Breeze	8	Guillotine
41	Terminator	Non-Elemental	3456	160	115	120	80	80	0	0	0	0	0	0	None	None	255	0	143	30	Total Vanishing	8	Terminator
42	OOPARTS	Non-Elemental	4	0	0	100	100	150	50	50	0	0	0	0	None	None	255	131	0	600	Spirit Potion	100	OOPARTS
43	Fairy	Light	1824	86	114	80	150	70	10	10	0	0	0	0	None	None	99	0	81	24	Sun Rhapsody	8	Fairy
44	Puck	Earth	1733	94	94	100	120	60	0	0	0	0	0	0	None	None	99	0	90	36	Dancer's Ring	2	Puck
45	Mole	Earth	58	11	9	160	80	50	0	0	0	0	0	0	None	None	99	16	11	9	Angel's Prayer	8	Mole
46	Screaming Bat	Dark	48	9	17	80	120	70	20	0	0	0	0	0	None	None	99	0	8	6	Healing Potion	8	Screaming Bat
47	Succubus	Dark	3520	135	135	100	150	60	0	0	0	0	0	0	None	None	99	0	130	42	Platinum Collar	2	Succubus
48	Mammoth	Earth	7680	169	126	80	60	50	0	0	0	0	0	0	None	None	99	144	132	45	Stunning Hammer	8	Mammoth
49	Metal Fang	Thunder	19680	174	247	80	120	70	5	0	0	0	0	0	None	None	99	0	135	42	Beast Fang	2	Metal Fang
50	Windy Weasel	Wind	2560	112	158	80	100	70	20	0	0	0	0	0	None	None	99	0	96	21	Rave Twister	8	Windy Weasel
51	Wounded Bear	Earth	3192	112	88	140	40	60	0	0	0	0	0	0	None	None	107	16	96	60	Attack Ball	8	Wounded Bear
52	Erupting Chick	Wind	630	46	51	80	30	80	20	0	0	0	0	0	None	None	99	0	32	15	Mind Purifier	8	Erupting Chick
53	Flying Rat	Wind	1482	76	108	80	120	60	20	0	0	0	0	0	None	None	99	0	64	24	Angel's Prayer	8	Flying Rat
54	Rainbow Bird	Non-Elemental	4	0	0	100	100	120	0	0	1	1	0	0	None	None	251	140	3000	0	Rainbow Dress	10	Rainbow Bird
55	Living Statue	Earth	230	23	21	160	80	50	0	0	0	0	0	0	None	None	255	0	20	12	Detonate Rock	8	Living Statue
56	Madman	Earth	31200	202	174	100	80	60	0	0	0	0	0	0	None	None	99	0	165	24	Body Purifier	8	Madman I
57	Wildman	Thunder	5760	146	130	100	60	50	0	0	0	0	0	0	None	None	99	0	120	36	Giganto Ring	2	Wildman
58	Gargoyle	Dark	450	26	26	80	160	70	0	0	0	0	0	0	None	None	99	0	17	15	Dark Mist	8	Gargoyle
59	Crescent Bee	Wind	33	9	9	100	100	60	20	0	0	0	0	0	None	None	99	0	10	6	Spinning Gale	8	Crescent Bee
60	Jelly	Water	5120	144	190	80	250	70	0	0	0	0	0	0	None	None	99	0	120	24	Healing Fog	10	Jelly
61	Spiky Beetle	Earth	3840	158	142	160	120	60	0	0	0	0	0	0	None	None	99	0	140	42	Attack Ball	8	Spiky Beetle
62	Slug	Earth	9600	222	200	100	100	60	0	0	0	0	0	0	None	None	99	0	180	33	Mind Purifier	10	Slug
63	Witch	Light	2880	115	191	80	200	60	0	5	0	0	0	0	None	None	99	0	104	36	Angel's Prayer	8	Witch
64	Ugly Balloon	Wind	140	11	11	70	200	60	0	0	0	0	0	0	None	None	99	0	10	9	Poison Guard	2	Ugly Balloon
65	Maximum Volt	Thunder	4480	191	166	160	60	60	0	0	0	0	0	0	Thunder	None	255	0	156	51	Flash Hall	8	Maximum Volt
66	Crystal Golem	Light	720	28	27	120	160	80	0	0	0	0	0	0	None	None	255	144	22	27	Sapphire Pin	2	Crystal Golem
67	Rocky Turtle	Earth	4480	119	126	200	80	50	0	0	0	0	0	0	None	None	99	16	99	39	Guard Badge	2	Rocky Turtle
68	Crocodile	Water	144	18	14	160	50	50	0	0	0	0	0	0	None	None	99	0	17	6	Pellet	10	Crocodile
69	Frilled Lizard	Earth	672	52	61	100	120	80	5	0	0	0	0	0	None	None	99	0	36	21	Healing Potion	8	Frilled Lizard
70	Magician Bogy	Dark	4200	80	97	80	160	70	0	0	0	0	0	0	None	None	99	16	72	24	Magical Hat	2	Magician Bogy
71	Triceratops	Earth	28800	362	143	160	100	80	0	0	0	0	0	0	None	None	99	144	2000	120	Gravity Grabber	8	Triceratops
72	Stern Fish	Water	6848	190	156	160	100	80	0	0	0	0	0	0	None	None	99	16	165	54	Frozen Jet	8	Stern Fish
73	Forest Runner	Wind	2052	90	88	80	120	80	10	0	0	0	0	0	None	None	99	0	88	30	Recovery Ball	8	Forest Runner
74	Magma Fish	Fire	112	16	18	80	120	80	20	0	0	0	0	0	None	None	99	0	10	6	Healing Potion	10	Magma Fish I
75	Scud Shark	Water	3200	156	156	130	120	60	0	0	0	0	0	0	None	None	99	16	150	39	Body Purifier	8	Scud Shark
76	Screw Shell	Water	840	80	94	200	50	60	0	0	0	0	0	0	None	None	99	0	63	24	Healing Potion	8	Screw Shell
77	Potbelly	Earth	4480	190	228	120	100	60	0	0	0	0	0	0	None	None	99	0	144	24	Healing Breeze	8	Potbelly
78	Loner Knight	Dark	5760	208	180	140	140	60	0	0	0	0	0	0	None	None	255	0	187	48	Soul Eater	2	Loner Knight
79	Berserker	Dark	2100	72	74	30	50	60	0	0	0	0	0	0	None	None	111	0	55	15	Energy Girdle	2	Berserker
80	Professor	Wind	6392	139	199	100	180	70	10	0	0	0	0	0	None	None	99	0	176	54	Sage's Cloak	2	Professor
81	Psyche Druid	Light	18000	143	292	100	160	60	0	5	0	0	0	0	None	None	255	128	638	84	Spectral Flash	8	Psyche Druid
82	Gangster	Earth	1470	83	74	120	100	70	0	0	0	0	0	0	None	None	99	0	60	12	Bandit's Ring	2	Gangster
83	Crafty Thief	Dark	1050	68	61	100	80	80	5	0	0	0	0	0	None	None	99	0	50	18	Pellet	8	Crafty Thief
84	Undead	Dark	4544	188	180	100	60	70	0	64	0	0	0	0	None	None	127	0	153	39	Mind Purifier	8	Undead
85	Skeleton	Dark	1050	80	80	100	100	60	0	0	0	0	0	0	None	None	99	16	60	21	Broad Sword	2	Skeleton
86	Will-O'-Wisp	Fire	840	69	80	80	180	80	20	0	0	0	0	0	None	None	99	0	48	12	None	0	Will-O'-Wisp I
87	Cursed Jar	Non-Elemental	4	0	0	100	100	200	0	0	0	1	0	0	None	None	255	134	300	0	Night Raid	100	Cursed Jar
88	Man Eating Bud	Dark	576	21	20	100	100	80	0	0	0	0	0	0	None	None	99	16	20	24	Angel's Prayer	8	Man Eating Bud
89	Cactus	Earth	2560	151	151	150	150	60	0	0	0	0	0	0	None	None	99	0	126	36	Recovery Ball	15	Cactus
90	Mandrake	Water	432	16	23	60	120	60	0	0	0	0	0	0	None	None	99	0	15	9	Sun Rhapsody	8	Mandrake
91	Mermaid	Water	2100	88	116	80	140	60	0	0	0	0	0	0	None	None	99	0	77	33	Spirit Potion	8	Mermaid
92	Salamander	Fire	189	20	18	140	60	50	0	0	0	0	0	0	None	None	99	0	17	9	Sun Rhapsody	8	Salamander
93	Unicorn	Light	11520	205	292	140	160	60	0	0	0	0	0	0	None	None	99	0	380	51	Healing Rain	2	Unicorn
94	Orc	Dark	96	13	9	120	40	60	0	0	0	0	0	0	None	None	99	0	10	6	Dark Mist	10	Orc
95	Dark Elf	Dark	2565	84	88	70	180	70	0	0	0	0	0	0	None	None	99	0	80	36	Depetrifier	8	Dark Elf
96	Baby Dragon	Thunder	1440	100	100	140	80	60	0	0	0	0	0	0	None	None	99	0	100	27	Mind Purifier	8	Baby Dragon
97	Harpy	Wind	4800	182	170	120	160	60	10	0	0	0	0	0	None	None	99	0	192	48	Panic Bell	8	Harpy
98	Cute Cat	Thunder	5120	178	228	140	180	70	5	5	0	0	0	0	None	None	99	0	162	51	Dancer's Boots	2	Cute Cat
99	Arrow Shooter	Earth	882	74	74	100	100	60	0	0	0	0	0	0	None	None	99	0	32	24	Bemusing Arrow	2	Arrow Shooter
100	Red Hot	Fire	180	16	16	100	100	60	0	0	0	0	0	0	None	None	99	0	14	6	Mind Purifier	8	Red Hot I
101	Specter	Dark	2128	168	225	100	250	75	50	0	0	0	0	0	None	None	99	0	170	30	Midnight Terror	8	Specter II
102	Sandora Elite	Dark	1710	56	50	100	120	80	10	0	0	0	0	0	None	None	255	128	30	30	Gushing Magma	8	Sandora Elite II
103	Knight of Sandora	Fire	540	38	38	150	150	50	0	0	0	0	0	0	None	None	99	0	24	15	Healing Potion	20	Knight of Sandora (Black Castle)
104	Slime	Earth	80	11	9	80	60	50	0	0	0	0	0	0	None	None	99	0	11	6	Body Purifier	10	Slime I
105	Fowl Fighter	Fire	450	30	36	80	120	60	10	0	0	0	0	0	None	None	99	0	16	9	Mind Purifier	8	Fowl Fighter
106	Killer Bird	Dark	735	53	62	80	120	80	0	0	0	0	0	0	None	None	99	0	36	12	Panic Bell	8	Killer Bird
107	Plague Rat	Earth	288	20	26	60	120	80	10	0	0	0	0	0	None	None	227	0	14	6	Body Purifier	8	Plague Rat
108	Stinger	Wind	336	56	61	70	120	70	20	0	0	0	0	0	None	None	227	0	38	12	Body Purifier	8	Stinger
109	Piggy	Earth	840	57	70	140	60	60	0	0	0	0	0	0	None	None	99	0	40	21	Sachet	2	Piggy
110	Sea Piranha	Water	1470	70	88	60	100	80	20	0	0	0	0	0	None	None	99	0	56	15	Spear Frost	8	Sea Piranha
111	Toad Stool	Earth	730	80	114	80	120	80	20	0	0	0	0	0	None	None	227	0	72	18	Body Purifier	8	Toad Stool
112	Mega Sea Dragon	Fire	1056	84	130	120	120	70	10	0	0	0	0	0	None	None	99	0	80	21	Gushing Magma	8	Mega Sea Dragon
113	Deadly Spider	Earth	1968	120	84	100	60	50	0	0	0	0	0	0	None	None	227	0	90	39	Body Purifier	8	Deadly Spider
114	Icicle Ball	Water	1280	153	108	160	100	60	0	0	0	0	0	0	None	None	99	0	121	21	Spirit Potion	8	Icicle Ball
115	Tricky Bat	Wind	144	13	25	80	120	70	20	0	0	0	0	0	None	None	99	0	12	6	Mind Purifier	8	Tricky Bat
116	Mr. Bone	Dark	3600	130	130	120	120	60	0	0	0	0	0	0	None	None	99	0	108	30	Bastard Sword	2	Mr. Bone
117	Moss Dresser	Earth	1710	96	88	120	80	50	0	0	0	0	0	0	None	None	99	0	72	18	Healing Fog	8	Moss Dresser
118	Death Purger	Dark	4256	199	139	120	100	50	10	0	0	0	0	0	None	None	127	128	144	24	Total Vanishing	8	Death Purger
119	Scorpion	Earth	2240	148	122	220	100	60	0	0	0	0	0	0	None	None	99	0	154	21	Poison Needle	8	Scorpion
120	Trap Plant	Water	15120	216	205	100	180	60	0	0	0	0	0	0	None	None	99	16	304	42	Frozen Jet	8	Trap Plant
121	Aqua King	Water	5120	161	156	120	160	70	0	0	0	0	0	0	None	None	99	0	135	30	Angel's Prayer	8	Aqua King
122	Sky Chaser	Wind	5440	161	161	100	100	60	20	0	0	0	0	0	None	None	99	16	128	30	Body Purifier	8	Sky Chaser
123	Air Combat	Wind	9720	251	205	160	120	50	5	0	0	0	0	0	None	None	99	0	456	33	Down Burst	8	Air Combat
124	Treasure Jar	Non-Elemental	5	0	0	100	100	200	0	0	1	0	0	0	None	None	255	137	0	0	Ruby Ring	100	Treasure Jar
125	Human Hunter	Non-Elemental	2840	225	180	160	100	70	0	0	0	0	0	0	None	None	255	0	136	24	Recovery Ball	8	Human Hunter
126	Mountain Ape	Earth	8000	238	160	120	60	50	0	0	0	0	0	0	None	None	99	0	198	42	Angel's Prayer	10	Mountain Ape
127	Roulette Face	Dark	21600	192	251	120	200	60	0	0	0	0	0	0	None	None	255	128	360	42	Night Raid	8	Roulette Face
128	Swift Dragon	Fire	7992	178	205	120	120	80	0	0	0	0	0	0	None	None	99	0	228	24	Burning Wave	8	Swift Dragon
129	Hellena Warden	Fire	540	32	30	100	100	50	0	0	0	0	0	0	None	None	99	0	20	15	Morning Star	2	Hellena Warden II
130	Sandora Soldier	Fire	180	14	14	100	100	50	0	0	0	0	0	0	None	None	99	0	25	30	Healing Potion	50	Sandora Soldier (Hoax)
131	Sandora Soldier	Fire	230	16	14	100	100	60	0	0	0	0	0	0	None	None	99	0	14	9	Healing Potion	8	Sandora Soldier (Fire)
132	Sandora Soldier	Water	288	14	18	80	120	70	0	0	0	0	0	0	None	None	99	0	11	12	Sun Rhapsody	10	Sandora Soldier (Water)
133	Senior Warden	Fire	675	38	30	130	80	60	0	0	0	0	0	0	None	None	99	0	24	21	Spear	2	Senior Warden
134	Hellena Warden	Fire	30	7	7	100	100	50	0	0	0	0	0	0	None	None	99	0	6	9	None	0	Hellena Warden I
135	Commander	Dark	576	20	14	120	80	70	0	0	0	0	0	0	None	None	99	128	17	9	Attack Ball	100	Commander
136	Blue Bird	Water	5	0	0	100	100	120	50	0	0	1	0	0	None	None	255	134	1000	0	None	0	Blue Bird
137	Red Bird	Fire	5	0	0	100	100	120	0	50	1	0	0	0	None	None	255	137	0	1000	Phoenix Plume	100	Red Bird
138	Yellow Bird	Earth	4	0	0	100	100	120	50	20	0	0	0	0	None	None	255	131	0	300	Elude Cloak	10	Yellow Bird
139	Lucky Jar	Non-Elemental	6	0	0	100	100	200	0	0	1	1	0	0	None	None	127	140	1000	300	Moon Serenade	100	Lucky Jar
143	 	None	0	0	0	0	0	0	0	0	0	0	0	0	None	None	99	0	0	0	Broad Sword	0	 
144	Madman	Earth	31200	202	174	100	80	60	0	0	0	0	0	0	None	None	99	0	165	24	Body Purifier	8	Madman II
145	Madman	Earth	31200	202	174	100	80	60	0	0	0	0	0	0	None	None	99	0	165	24	Body Purifier	8	Madman (Unused)
146	Red Hot	Fire	180	16	16	100	100	60	0	0	0	0	0	0	None	None	99	0	14	6	Mind Purifier	8	Red Hot II
147	Red Hot	Fire	180	16	16	100	100	60	0	0	0	0	0	0	None	None	99	0	14	6	Mind Purifier	8	Red Hot (Unused)
148	Slime	Earth	80	11	9	80	60	50	0	0	0	0	0	0	None	None	99	0	11	6	Body Purifier	10	Slime II
149	Slime	Earth	80	11	9	80	60	50	0	0	0	0	0	0	None	None	99	0	11	6	Body Purifier	10	Slime (Unused)
150	Fire Spirit	Fire	117	16	21	100	160	60	20	20	0	0	0	0	Fire	None	255	0	13	12	Spirit Cloak	2	Fire Spirit II
151	Fire Spirit	Fire	117	16	21	100	160	60	20	20	0	0	0	0	Fire	None	255	0	13	12	Spirit Cloak	2	Fire Spirit (Unused)
152	Specter	Dark	2128	180	225	100	250	75	50	0	0	0	0	0	None	None	99	0	170	30	Midnight Terror	8	Specter II
153	Specter	Dark	2128	180	225	100	250	75	50	0	0	0	0	0	None	None	99	0	170	30	Midnight Terror	8	Specter (Unused)
154	Will-O'-Wisp	Fire	840	69	80	80	180	80	20	0	0	0	0	0	None	None	99	0	48	12	None	0	Will-O'-Wisp II
155	Will-O'-Wisp	Fire	840	69	80	80	180	80	20	0	0	0	0	0	None	None	99	0	48	12	None	0	Will-O'-Wisp (Unused)
156	 	Fire	160	30	42	80	180	80	20	0	0	0	0	0	None	None	99	0	0	0	Broad Sword	0	Will-O'-Wisp (Unused)
157	Magma Fish	Fire	108	14	18	80	120	80	20	0	0	0	0	0	None	None	99	0	10	6	Healing Potion	10	Magma Fish II
158	Magma Fish	Fire	108	14	18	80	120	80	20	0	0	0	0	0	None	None	99	0	10	6	Healing Potion	10	Magma Fish (Unused)
159	 	Fire	24	8	11	80	120	80	20	0	0	0	0	0	None	None	99	0	0	0	Broad Sword	0	Magma Fish (Unused)
160	 	Fire	32	11	10	140	60	50	0	0	0	0	0	0	None	None	99	0	17	9	Sun Rhapsody	8	Salamander (Unused)
161	 	Fire	32	11	10	140	60	50	0	0	0	0	0	0	None	None	99	0	17	9	Sun Rhapsody	8	Salamander (Unused)
253	Merchant	Water	100	2	2	40	40	50	0	0	0	0	0	0	None	None	255	192	0	0	None	0	Merchant
254	Master Tasman	Fire	100	2	2	40	50	50	0	0	0	0	0	0	None	None	255	192	0	0	None	0	Master Tasman
255	Rose	Dark	100	2	2	40	40	50	0	0	0	0	0	0	None	None	255	192	0	0	None	0	Rose
256	Commander	Dark	35	4	9	40	40	40	0	0	0	0	0	0	None	None	255	128	20	20	Burn Out	100	Commander I
257	Knight of Sandora	Fire	20	3	3	40	50	40	0	0	0	0	0	0	None	None	255	0	2	3	Healing Potion	100	Knight of Sandora (Seles)
258	Sandora Elite	Dark	1260	20	22	80	120	60	0	0	0	0	0	0	None	None	255	128	200	50	Healing Breeze	100	Sandora Elite I
259	Hellena Warden	Fire	30	7	7	130	130	50	0	0	0	0	0	0	None	None	255	0	0	0	Healing Potion	100	Hellena Warden (Frugel)
260	Senior Warden	Fire	52	8	12	100	100	50	0	0	0	0	0	0	None	None	255	128	0	0	Healing Potion	100	Senior Warden (Frugel)
261	Fruegel	Earth	225	10	8	130	104	50	0	0	0	0	0	0	None	None	255	144	300	50	Knight Shield	100	Fruegel I
262	Fruegel	Earth	3600	48	36	150	120	50	0	0	0	0	0	0	None	None	255	144	2000	200	Gravity Grabber	100	Fruegel II
263	Rodriguez	Wind	1000	50	50	120	120	70	10	0	0	0	0	0	None	None	255	16	0	0	None	0	Rodriguez
264	Guftas	Dark	1250	30	24	140	80	50	0	0	0	0	0	0	None	None	255	16	0	0	None	0	Guftas
265	Kongol	Earth	1152	18	18	100	50	60	0	0	0	0	0	0	None	None	255	144	300	50	Power Wrist	100	Kongol I
266	Kongol	Earth	4500	64	42	140	80	50	0	0	0	0	0	0	None	None	255	144	2000	200	Wargod Calling	100	Kongol II
267	Emperor Doel	Thunder	2700	57	57	100	100	55	0	0	0	0	0	0	None	None	255	128	3000	200	None	0	Emperor Doel
268	Dragoon Doel	Thunder	8100	58	61	120	100	55	0	0	0	0	0	0	None	None	255	128	0	0	None	0	Dragoon Doel
269	Lloyd	Non-Elemental	3192	40	40	100	100	50	0	0	0	0	0	0	None	None	255	128	0	0	None	0	Lloyd (Arena)
270	Lloyd	Non-Elemental	48000	160	130	100	150	65	0	0	0	0	0	0	None	None	255	144	12000	300	None	0	Lloyd II
271	Missing	None	0	0	0	50	50	50	0	0	0	0	0	0	None	None	255	128	0	0	None	0	Missing
272	Missing	None	0	0	0	50	50	50	0	0	0	0	0	0	None	None	255	128	0	0	None	0	Missing
273	Sandora Elite	Dark	1260	20	22	80	120	60	0	0	0	0	0	0	None	None	255	128	0	0	None	0	Sandora Elite I (Clone)
274	Crafty Thief	Dark	1680	63	61	100	80	70	5	0	0	0	0	0	None	None	255	128	0	0	Pellet	100	Crafty Thief (Mappi)
275	Feyrbrand	Wind	2160	34	23	100	80	50	0	0	0	0	0	0	None	None	255	144	0	0	Down Burst	100	Feyrbrand
277	Dummy Lloyd	None	0	0	0	50	50	50	0	0	0	0	0	0	None	None	255	144	0	0	None	0	Dummy Lloyd
279	Regole	Water	9000	118	74	210	140	45	0	0	0	0	0	0	None	None	255	144	7000	250	Frozen Jet	100	Regole
280	Tentacle	None	0	0	0	50	50	50	0	0	0	0	0	0	None	None	255	144	0	0	None	0	Tentacle
283	Divine Dragon	Non-Elemental	15000	126	111	320	120	60	0	0	0	0	0	0	None	None	255	144	10000	300	Dragon Shield	100	Divine Dragon
284	Divine Cannon	Non-Elemental	65535	107	126	65535	65535	50	0	0	0	0	0	0	None	None	255	144	0	0	Gravity Grabber	100	Divine Cannon
285	Divine Ball	Non-Elemental	65535	107	111	65535	65535	50	0	0	0	0	0	0	None	None	255	144	0	0	Flash Hall	100	Divine Ball
287	Greham	Wind	1575	25	28	120	100	60	0	0	0	0	0	0	None	None	255	144	1200	100	Plate Mail	100	Greham
288	Shirley	Light	640	15	15	80	120	50	0	0	0	0	0	0	None	None	255	144	0	0	Silver Stone	100	Shirley
289	Shana	Light	120	15	15	80	120	55	0	0	0	0	0	0	None	None	255	144	0	0	None	0	Shirley (Shana)
290	Albert	Wind	120	17	15	100	100	45	0	0	0	0	0	0	None	None	255	144	0	0	None	0	Shirley (Albert)
293	Lenus	Water	18375	77	108	100	160	50	0	0	0	0	0	0	None	None	255	144	6000	200	None	0	Lenus I
294	Lenus	Water	9000	88	120	175	315	55	0	0	0	0	0	0	None	None	255	128	0	0	Jeweled Crown	100	Lenus II
295	Damia	Water	45000	380	380	250	350	60	0	0	0	0	0	0	None	None	255	128	6000	300	Blue Sea Stone	100	Damia
296	Syuveil	Wind	50000	440	360	350	320	50	10	0	0	0	0	0	None	None	255	128	6000	300	Jade Stone	100	Syuveil
297	Belzac	Earth	40000	450	370	440	320	50	0	0	0	0	0	0	None	None	255	128	6000	300	Golden Stone	100	Belzac
298	Kanzas	Thunder	60000	400	370	270	300	70	10	0	0	0	0	0	None	None	255	128	6000	300	Violet Stone	100	Kanzas
299	Mappi	Dark	3360	75	68	110	100	70	0	0	0	0	0	0	None	None	255	128	2000	150	Total Vanishing	100	Mappi I
300	Mappi	Dark	3600	70	61	192	175	65	0	0	0	0	0	0	None	None	255	128	0	0	Diamond Claw	100	Mappi II
301	Gehrich	Earth	10500	80	61	120	100	50	0	0	0	0	0	0	None	None	255	128	5000	200	Soul Headband	100	Gehrich
302	Gorgaga	Non-Elemental	160	16	16	100	80	50	0	0	0	0	0	0	None	None	255	128	0	0	None	0	Gorgaga
303	Serfius	Fire	200	20	20	100	100	50	0	0	0	0	0	0	None	None	255	128	0	0	None	0	Serfius
304	Danton	Earth	240	23	8	120	80	45	0	0	0	0	0	0	None	None	255	144	0	0	None	0	Danton
305	Atlow	Dark	266	16	16	80	100	55	0	0	0	0	0	0	None	None	255	128	0	0	None	0	Atlow
308	Virage(head)	Non-Elemental	1620	26	27	80	120	50	0	0	0	0	0	0	None	None	255	144	600	100	Healing Potion	100	Wounded Virage (Head)
309	Virage(body)	Non-Elemental	1080	26	14	100	100	50	0	0	0	0	0	0	None	None	255	144	0	0	Healing Potion	100	Wounded Virage (Body)
310	Virage(arm)	Non-Elemental	216	22	14	100	100	50	0	0	0	0	0	0	None	None	255	144	0	0	Mind Purifier	100	Wounded Virage (Arm)
311	Virage(head)	Non-Elemental	5600	75	75	175	175	50	0	0	0	0	0	0	None	None	255	144	4500	200	Moon Serenade	100	Complete Virage (Head)
312	Virage(arm)	Non-Elemental	1050	92	75	175	175	50	0	0	0	0	0	0	None	None	255	144	0	0	None	0	Complete Virage (Arm)
313	Virage(body)	Non-Elemental	2100	92	75	175	175	50	0	0	0	0	0	0	None	None	255	144	0	0	None	0	Complete Virage (Body)
316	S Virage(head)	Non-Elemental	62400	140	220	100	100	50	0	0	0	0	0	0	None	None	255	144	4000	200	Healing Rain	100	WS Virage (Head)
317	S Virage(body)	Non-Elemental	62400	140	220	100	100	50	0	0	0	0	0	0	None	None	255	144	0	0	None	0	WS Virage (Body)
318	S Virage(arm)	Non-Elemental	31200	160	220	100	100	50	0	0	0	0	0	0	None	None	255	144	0	0	None	0	WS Virage (Arm)
320	S Virage(head)	Non-Elemental	46667	350	240	540	540	50	0	0	0	0	0	0	None	None	255	144	15000	300	None	0	S Virage(head)
321	S Virage(arm)	Non-Elemental	42000	286	240	200	180	60	0	0	0	0	0	0	None	None	255	144	0	0	None	0	S Virage(arm)
322	S Virage(body)	Non-Elemental	52500	286	240	1040	800	40	0	0	0	0	0	0	None	None	255	144	0	0	None	0	S Virage(body)
325	Drake the Bandit	Wind	5400	36	31	80	80	70	0	0	0	0	0	0	None	None	255	144	1500	100	Bandit's Ring	100	Drake the Bandit
326	Wire	Non-Elemental	360	13	13	120	80	50	0	0	0	0	0	0	None	None	255	144	0	0	None	0	Wire
327	Bursting Ball	Non-Elemental	120	45	45	150	150	70	0	0	0	0	0	0	None	None	255	144	0	0	None	0	Bursting Ball
329	Jiango	Earth	5760	41	32	160	80	50	0	0	0	0	0	0	None	None	255	144	2000	100	Sachet	100	Jiango
332	Urobolus	Earth	1218	16	16	80	60	50	0	0	0	0	0	0	None	None	255	144	400	50	Wargod's Amulet	100	Urobolus
333	Fire Bird	Fire	2880	26	32	80	80	45	0	0	0	0	0	0	None	None	255	144	800	100	Red-Eye Stone	100	Fire Bird
334	Volcano Ball	Fire	30	23	23	80	100	45	0	0	0	0	0	0	None	None	255	144	0	0	None	0	Volcano Ball
335	Grand Jewel	Earth	27000	82	116	100	160	70	0	0	0	0	0	0	None	None	255	144	9000	300	Spectral Flash	100	Grand Jewel
336	Virage(head)	Non-Elemental	0	0	0	100	100	50	0	0	0	0	0	0	None	None	255	144	0	0	None	0	Virage(head)
337	Virage(body)	Non-Elemental	0	0	0	100	100	50	0	0	0	0	0	0	None	None	255	144	0	0	None	0	Virage(body)
338	Virage(arm)	Non-Elemental	0	0	0	100	100	50	0	0	0	0	0	0	None	None	255	144	0	0	None	0	Virage(arm)
339	Kamuy's tree	None	0	0	0	50	50	50	0	0	0	0	0	0	None	None	255	144	0	0	None	0	Kamuy's tree
340	Ghost Commander	Dark	8925	111	111	100	100	60	0	0	0	0	0	0	None	None	255	144	6000	200	Night Raid	100	Ghost Commander
341	Ghost Knight	Dark	1575	92	92	80	80	60	0	0	0	0	0	0	None	None	255	144	0	0	None	0	Ghost Knight
342	Mazo	Non-Elemental	800	101	101	50	200	50	0	0	0	0	0	0	None	None	255	144	0	0	None	0	Mazo
343	Kamuy	Non-Elemental	28000	162	162	100	150	70	0	0	0	0	0	0	None	None	255	144	8000	0	Darkness Stone	100	Kamuy
344	Magician Faust	Non-Elemental	64000	315	315	180	480	50	0	20	0	0	0	0	None	None	255	144	20000	10000	Phantom Shield	100	Magician Faust
345	Magician Faust	Non-Elemental	64000	315	315	180	480	50	0	20	0	0	0	0	None	None	255	144	0	0	None	0	Magician Faust
346	Windigo	Water	40000	180	180	200	240	50	0	0	0	0	0	0	None	None	255	144	11000	250	Brass Knuckle	100	Windigo
347	Snow Cannon	Water	1600	158	158	100	80	50	0	0	0	0	0	0	None	None	255	144	0	0	None	0	Snow Cannon
348	Heart	Water	196605	143	143	3932100	3932100	50	0	0	0	0	0	0	None	None	255	147	0	0	None	0	Heart
349	Polter Helm	Dark	19200	160	160	100	160	50	0	0	0	0	0	0	None	None	255	144	6000	200	None	0	Polter Helm
350	Polter Armor	Dark	32000	160	174	160	140	50	0	0	0	0	0	0	None	None	255	144	0	0	Smoke Ball	100	Polter Armor
351	Polter Sword	Dark	25600	302	160	120	120	100	0	0	0	0	0	0	None	None	255	144	0	0	Soul Eater	100	Polter Sword
352	Divine Dragoon Ghost	Non-Elemental	16000	235	255	160	100	60	0	0	0	0	0	0	None	None	255	144	8000	400	Flash Hall	100	Divine Dragon Spirit
353	Ghost Regole	Water	12000	235	170	80	120	60	0	5	0	0	0	0	None	None	255	144	6000	300	Frozen Jet	100	Regole Spirit
354	GhostFB	Wind	8000	214	170	100	80	60	0	0	0	0	0	0	None	None	255	144	4000	200	Down Burst	100	Feyrbrand Spirit
355	Missing	None	0	0	0	0	0	50	0	0	0	0	0	0	None	None	255	128	0	0	None	0	Missing
356	Missing	None	0	0	0	0	0	50	0	0	0	0	0	0	None	None	255	128	0	0	None	0	Missing
357	Missing	None	0	0	0	0	0	50	0	0	0	0	0	0	None	None	255	128	0	0	None	0	Missing
360	Vector	Dark	20000	196	147	100	100	50	0	0	0	0	0	0	None	None	255	144	12000	300	None	0	Vector
361	Selebus	Dark	15000	156	209	120	180	60	10	0	0	0	0	0	None	None	255	144	0	0	None	0	Selebus
362	Kubila	Dark	17500	176	165	140	140	55	0	0	0	0	0	0	None	None	255	144	0	0	None	0	Kubila
363	Zackwell	Dark	64000	269	189	140	170	60	0	0	0	0	0	0	None	None	255	144	0	0	Healing Rain	100	Zackwell
364	Lavitz's Spirit	Wind	5000	88	88	120	80	50	0	0	0	0	0	0	None	None	255	144	12000	300	Halberd	100	Lavitz's Spirit
365	Last Kraken	Water	40000	235	192	280	400	50	0	0	0	0	0	0	None	None	255	144	12000	300	Pretty Hammer	100	Last Kraken
366	Cleone	Water	4080	156	170	60	160	60	0	0	0	0	0	0	None	None	255	144	0	0	None	0	Cleone
367	 	None	0	0	0	50	50	50	0	0	0	0	0	0	None	None	255	144	0	0	None	0	 
368	Caterpillar	Non-Elemental	48000	286	239	120	120	70	0	0	0	0	0	0	None	None	255	144	13000	300	Healing Rain	100	Caterpillar
369	Pupa	Non-Elemental	20000	239	239	160	160	60	0	0	0	0	0	0	None	None	255	144	0	0	Moon Serenade	100	Pupa
370	Imago	Non-Elemental	48000	260	348	240	320	70	0	0	0	0	0	0	None	None	255	144	0	0	Sun Rhapsody	100	Imago
371	Death Rose	Non-Elemental	2400	44	44	80	140	50	0	0	0	0	0	0	None	None	255	144	6000	0	None	0	Death Rose
372	 	None	0	0	0	50	50	50	0	0	0	0	0	0	None	None	255	144	0	0	None	0	 
373	Claire	Thunder	3200	76	76	100	100	55	0	0	0	0	0	0	None	None	255	144	6000	0	None	0	Claire
374	Claire	Thunder	3200	76	76	100	100	55	0	0	0	0	0	0	None	None	255	144	0	0	None	0	Claire
375	Indora	Earth	2696	93	93	160	60	30	0	0	0	0	0	0	None	None	255	144	6000	0	Indora's Axe	100	Indora
376	Shadow Blade	Thunder	1000	70	76	120	120	45	5	0	0	0	0	0	None	None	255	144	0	0	None	0	Shadow Blade
377	Light Sword	Thunder	1000	70	76	120	120	45	5	0	0	0	0	0	None	None	255	144	0	0	None	0	Light Sword
378	Michael	Dark	9600	109	109	120	160	55	0	0	1	1	0	0	None	None	255	156	12000	0	None	0	Michael
379	Michael (arm)	None	0	0	0	50	50	50	0	0	0	0	0	0	None	None	255	144	0	0	None	0	Michael (arm)
380	Michael (core)	Dark	1280	109	109	100	100	50	0	0	0	0	0	0	None	None	255	144	0	0	None	0	Michael (core)
381	Dark Doel	Thunder	1500	60	70	120	120	50	0	0	0	0	0	0	None	None	255	144	6000	0	None	0	Dark Doel
382	Archangel	Light	3000	53	76	80	160	50	5	5	0	0	0	0	None	None	255	144	6000	0	None	0	Archangel
383	Dragon Spirit	Non-Elemental	65535	107	116	160	100	60	0	0	0	0	0	0	None	None	255	144	0	0	None	0	Divine Dragon Spirit Dummy
384	Dragon Spirit	Water	48000	98	71	160	240	60	0	0	0	0	0	0	None	None	255	144	0	0	None	0	Regole Spirit Dummy
385	Dragon Spirit	Wind	64000	196	156	100	80	60	0	0	0	0	0	0	None	None	255	144	0	0	None	0	Feyrbrand Spirit Dummy
386	Missing	None	0	0	0	50	50	50	0	0	0	0	0	0	None	None	255	128	0	0	None	0	Missing
387	Zieg Feld	Fire	54000	440	340	720	840	70	0	0	0	0	0	0	None	None	255	144	20000	400	None	0	Zieg Feld
388	Melbu Frahma	Non-Elemental	63000	350	320	1020	1320	50	0	0	0	0	0	0	None	None	255	144	0	0	None	0	Melbu Frahma (Body)
389	Melbu Frahma	Non-Elemental	9600	350	320	260	280	50	0	0	0	0	0	0	None	None	255	144	0	0	None	0	Melbu Frahma (Summons)
390	Melbu Frahma	None	9600	350	320	361	350	50	0	0	0	0	0	0	None	None	255	144	0	0	None	0	Melbu Frahma (Unused)
391	Melbu Frahma	None	9600	350	320	361	350	50	0	0	0	0	0	0	None	None	255	144	0	0	None	0	Melbu Frahma (Unused)
392	Melbu Frahma	None	9600	350	320	361	350	50	0	0	0	0	0	0	None	None	255	144	0	0	None	0	Melbu Frahma (Unused)
393	Melbu Frahma	None	9600	350	320	361	350	50	0	0	0	0	0	0	None	None	255	144	0	0	None	0	Melbu Frahma (Unused)
394	 	None	1600	107	80	250	250	50	0	0	0	0	0	0	None	None	255	144	0	0	None	0	 (Unused)
395	Tentacle	None	1600	107	80	250	250	50	0	0	0	0	0	0	None	None	255	144	0	0	None	0	Tentacle (Unused)
396	Bomb Star	None	1600	107	80	250	250	50	0	0	0	0	0	0	None	None	255	144	0	0	None	0	Bomb Star (Unused)
397	Monster	None	1600	107	80	250	250	50	0	0	0	0	0	0	None	None	255	144	0	0	None	0	Monster (Unused)
398	 	None	1600	107	80	250	250	50	0	0	0	0	0	0	None	None	255	144	0	0	None	0	(Unused)
